category,question,answer
health,What is a waiting period in health insurance?,A waiting period is the time after policy start during which specific claims are not payable. Standard illnesses may have a 30-day waiting period while pre-existing diseases may have longer periods.
health,Is cashless hospitalization available?,Cashless hospitalization is typically available at network hospitals where the insurer settles approved claim amounts directly with the hospital.
health,What is a deductible in health insurance?,A deductible is the amount the policyholder pays before insurance coverage applies to eligible expenses.
vehicle,What should I do after a vehicle accident?,Ensure safety first then notify police if needed gather photos share policy number and raise claim intimation with insurer immediately.
vehicle,Does vehicle insurance cover engine damage due to flooding?,Engine damage from water ingress is usually excluded unless an engine protection add-on is part of your policy.
vehicle,What affects vehicle premium pricing?,Insured declared value vehicle age city usage claim history and add-ons all influence premiums.
life,Can I nominate more than one person in life insurance?,Yes many insurers allow multiple nominees with share percentages specified in policy records.
life,What happens if life policy premium is missed?,A grace period usually applies. If premium remains unpaid policy may lapse or become paid-up based on policy terms.
life,Is life insurance taxable?,Tax treatment depends on local tax laws and policy conditions. Premiums and payouts may receive tax benefits subject to rules.
general,What is policy renewal?,Renewal extends coverage beyond current end date by paying required premium before or within allowed grace period.
general,How are claim settlements processed?,Insurers validate policy status coverage terms documents and event details before approving payable amounts.
general,Can I increase coverage limit mid-term?,Coverage enhancement mid-term may be possible through endorsements or plan upgrades depending on underwriting and insurer rules.
